Rank,Cluster Label,Target Sequence,Designed Complementary Peptide,Synthesis Complementary Peptide,Probability,Novelty Score,Target Novelty Score,CamSol Solubility Score,Net Charge,Net Charge Percentile,Hydrophobicity,Hydrophobicity Percentile,Molecular Weight,Molecular Weight Percentile,Isoelectric Point,Isoelectric Point Percentile,Aromaticity,Aromaticity Percentile
1,cluster_labels_analysis,,LTIETDLL,LLDTEITL,3.243484388804063e-05,2,6,,-2,4.307703835,0.9375,67.71350043,130.396875,46.14452258,4.050028419,9.357608131,0,18.30559476
2,cluster_labels_analysis,,LSWSITVT,TVTISWSL,1.5953499314491637e-05,2,6,,0,42.27559588,1.075,73.17421293,129.019,40.73246485,5.525000191,40.87984855,0.125,56.18692739
3,cluster_labels_analysis,,LTLRIITQ,QTIIRLTL,1.4417869351746049e-05,2,7,,1,70.8701269,0.9,66.33150488,135.411125,65.35813028,9.750021172,86.84645895,0,18.30559476
4,cluster_labels_analysis,,VSWYSETY,YTESYWSV,7.872969945310615e-06,2,7,,-1,16.91668842,-0.6375,11.23115413,145.024375,90.44556227,4.050028419,9.357608131,0.375,96.57534183
5,cluster_labels_analysis,,LWGAITLR,RLTIAGWL,7.108681984391296e-06,2,6,,1,70.8701269,0.925,67.33647833,131.904625,52.13957659,9.750021172,86.84645895,0.125,56.18692739
6,cluster_labels_analysis,,IGWCAIVS,SVIACWGI,6.978617875574855e-06,1,7,,0,42.27559588,1.925,94.19991409,121.76675,17.48912074,5.518122673,35.91971474,0.125,56.18692739
7,cluster_labels_analysis,,LTLTISLR,RLSITLTL,4.869420081377029e-06,2,5,,1,70.8701269,1.15,75.88831601,130.2795,45.85636349,9.750021172,86.84645895,0,18.30559476
8,cluster_labels_analysis,,SWGGLILF,FLILGGWS,4.372197508928366e-06,2,7,,0,42.27559588,1.55,87.54323899,127.2715,34.42516869,5.240009499,30.51017003,0.25,84.92728311
9,cluster_labels_analysis,,RWVSLTVT,TVTLSVWR,3.7994664126017597e-06,2,6,,1,70.8701269,0.575,52.83291287,135.904375,66.95778088,9.750021172,86.84645895,0.125,56.18692739
10,cluster_labels_analysis,,LTTQSILG,GLISQTTL,2.2957171950110933e-06,2,7,,0,42.27559588,0.75,60.21026492,119.758875,12.76481481,5.525000191,40.87984855,0,18.30559476
11,cluster_labels_analysis,,VWGGLLLR,RLLLGGWV,2.197606590925716e-06,2,7,,1,70.8701269,1.175,76.66148706,129.90475,44.30839259,9.720043373,85.09346788,0.125,56.18692739
12,cluster_labels_analysis,,NWASCTIH,HITCSAWN,1.7672122112344368e-06,3,5,,1,70.8701269,-0.0375,27.77905755,132.142375,52.84906132,6.731919289,60.02995607,0.125,56.18692739
13,cluster_labels_analysis,,LTLQIICV,VCIIQLTL,1.4986935639171861e-06,2,6,,0,42.27559588,2.3875,98.29717616,128.5335,39.13958544,5.518122673,35.91971474,0,18.30559476
14,cluster_labels_analysis,,GVWSAILF,FLIASWVG,1.1217557585041504e-06,2,7,,0,42.27559588,1.875,93.50795067,127.2715,34.42142243,5.525000191,40.87984855,0.25,84.92728311
15,cluster_labels_analysis,,ESSTLTVT,TVTLTSSE,7.709680858170032e-07,2,7,,-1,16.91668842,0.1,33.06774484,120.375,14.01480724,4.050028419,9.357608131,0,18.30559476
16,cluster_labels_analysis,,AVGSLLLK,KLLLSGVA,7.287572998393443e-07,2,6,,1,70.8701269,1.5375,87.25798848,115.7645,6.25184695,8.795051003,80.0005631,0,18.30559476
17,cluster_labels_analysis,,VLTSTTEW,WETTSTLV,6.568583330590627e-07,2,6,,-1,16.91668842,0.0875,32.4436561,132.766875,55.24198709,4.050028419,9.357608131,0.125,56.18692739
18,cluster_labels_analysis,,LAIETTVL,LVTTEIAL,6.284703317760432e-07,2,7,,-1,16.91668842,1.65,89.5737321,123.14225,20.94551736,4.050028419,9.357608131,0,18.30559476
19,cluster_labels_analysis,,IVFSGGGG,GGGGSFVI,4.6702626832484384e-07,2,7,,0,42.27559588,1.1375,75.47227237,102.3595,0.228358633,5.525000191,40.87984855,0.125,56.18692739
20,cluster_labels_analysis,,RGHFGSIT,TISGFHGR,4.627567022907897e-07,2,8,,2,89.69621833,-0.3375,18.21759269,125.009125,26.43105752,9.756532478,88.60582563,0.125,56.18692739
21,cluster_labels_analysis,,IGYEAVVK,KVVAEYGI,4.3145672634636867e-07,2,6,,0,42.27559588,0.7,58.42036976,125.517875,28.28840853,6.000685692,51.99801006,0.125,56.18692739
22,cluster_labels_analysis,,LYGEVTER,RETVEGYL,4.2523336674094026e-07,3,5,,-1,16.91668842,-0.7375,9.325590454,136.52075,69.0230141,4.53139782,23.73675606,0.125,56.18692739
23,cluster_labels_analysis,,LTIQILTF,FTLIQITL,4.2109573428206204e-07,2,6,,0,42.27559588,1.8125,92.6727221,134.28475,61.26749978,5.525000191,40.87984855,0.125,56.18692739
24,cluster_labels_analysis,,LTLRMEIG,GIEMRLTL,3.6798155633732677e-07,2,6,,0,42.27559588,0.6125,54.20646189,132.28175,53.61939359,6.002106667,54.04749041,0,18.30559476
25,cluster_labels_analysis,,GWTSLTVV,VVTLSTWG,3.531352774643892e-07,2,6,,0,42.27559588,1.0875,73.65261658,123.512375,22.01864471,5.525000191,40.87984855,0.125,56.18692739
26,cluster_labels_analysis,,GWGWKTLR,RLTKWGWG,3.265376449235191e-07,3,7,,2,89.69621833,-0.9875,5.799992833,141.159625,82.75340851,11.00083675,95.27862592,0.25,84.92728311
27,cluster_labels_analysis,,IEYTEIRT,TRIETYEI,3.0711785825587867e-07,2,7,,-1,16.91668842,-0.65,10.9281031,143.78075,88.33986485,4.53139782,23.73675606,0.125,56.18692739
28,cluster_labels_analysis,,HWVSLTVN,NVTLSVWH,2.3719401553989883e-07,2,8,,1,70.8701269,0.3875,44.77706995,135.148375,64.14667074,6.741127205,61.66278778,0.125,56.18692739
29,cluster_labels_analysis,,MWGGFWLT,TLWFGGWM,2.0441824233330408e-07,3,5,,0,42.27559588,0.65,56.15435126,140.410625,80.87620933,5.275022316,32.34697482,0.375,96.57534183
30,cluster_labels_analysis,,VGWCYTVS,SVTYCWGV,1.9084801294866338e-07,2,6,,0,42.27559588,0.85,64.66214138,130.018625,44.50899171,5.488395882,33.17243055,0.25,84.92728311
31,cluster_labels_analysis,,GWYASILK,KLISAYWG,1.907460500660818e-07,3,5,,1,70.8701269,0.35,43.20820379,132.9015,56.0119936,8.590879631,71.77355591,0.25,84.92728311
32,cluster_labels_analysis,,QWHSAFVM,MVFASHWQ,1.886367613224138e-07,2,7,,1,70.8701269,0.2875,40.33091758,141.408125,83.31043697,6.741127205,61.66278778,0.25,84.92728311
33,cluster_labels_analysis,,VTISHVIQ,QIVHSITV,1.819459072294194e-07,2,7,,1,70.8701269,1.15,75.88831601,127.770125,36.15091215,6.711116219,59.51899956,0,18.30559476
34,cluster_labels_analysis,,VELKLIIL,LIILKLEV,1.6275643588414823e-07,2,7,,0,42.27559588,2.15,96.75651162,133.292875,57.498861,5.971584129,50.64489092,0,18.30559476
35,cluster_labels_analysis,,LTFKVLVV,VVLVKFTL,1.5963675537022937e-07,2,6,,1,70.8701269,2.3,97.79206008,130.536875,46.90354628,8.750052071,77.61175589,0.125,56.18692739
36,cluster_labels_analysis,,ILWSIRVT,TVRISWLI,1.4366035827606538e-07,2,7,,1,70.8701269,1.2625,79.66926391,139.164625,77.53520199,9.750021172,86.84645895,0.125,56.18692739
37,cluster_labels_analysis,,VGYAKVLT,TLVKAYGV,1.3514812735593296e-07,2,6,,1,70.8701269,0.9625,69.10971313,122.0165,18.08654359,8.561482048,70.44570654,0.125,56.18692739
38,cluster_labels_analysis,,MTWSGIIL,LIIGSWTM,1.2463047482924594e-07,3,6,,0,42.27559588,1.4875,86.12943518,130.780125,47.84590376,5.275022316,32.34697482,0.125,56.18692739
39,cluster_labels_analysis,,YGGLEILG,GLIELGGY,1.1549249023801167e-07,2,7,,-1,16.91668842,0.7625,60.89880785,118.381,10.23693081,4.050028419,9.357608131,0.125,56.18692739
40,cluster_labels_analysis,,AWGAITMT,TMTIAGWA,1.0687952567423054e-07,2,7,,0,42.27559588,0.9125,66.94800804,122.01325,18.05829544,5.57001667,43.86947585,0.125,56.18692739
41,cluster_labels_analysis,,TWSSATLK,KLTASSWT,1.0425791430179743e-07,2,6,,1,70.8701269,-0.275,20.17869866,127.389,34.68256661,8.410110283,68.61823248,0.125,56.18692739
42,cluster_labels_analysis,,RYTTTNYG,GYNTTTYR,1.0416152207426421e-07,2,8,,1,70.8701269,-1.6375,1.381855936,137.641375,72.65541487,8.5897192,70.79271207,0.25,84.92728311
43,cluster_labels_analysis,,DYALHVTV,VTVHLAYD,1.0296555075228753e-07,2,6,,0,42.27559588,0.6625,56.55357167,130.392,46.06015042,5.076711082,27.11029299,0.125,56.18692739
44,cluster_labels_analysis,,VEMQSSLG,GLSSQMEV,1.0053030763401694e-07,2,8,,-1,16.91668842,0.1125,33.5943379,122.007625,17.93041088,4.050028419,9.357608131,0,18.30559476
45,cluster_labels_analysis,,GWQCITLT,TLTICQWG,1.0003700623428813e-07,3,6,,0,42.27559588,0.575,52.83291287,130.898125,48.21154749,5.518122673,35.91971474,0.125,56.18692739
46,cluster_labels_analysis,,LGWCQVHR,RHVQCWGL,8.784900273894891e-08,3,6,,2,89.69621833,-0.25,20.95284699,140.534625,81.17302436,8.258609581,67.7271126,0.125,56.18692739
47,cluster_labels_analysis,,MGWCAVCL,LCVACWGM,7.218489628257885e-08,3,6,,0,42.27559588,1.925,94.27472284,126.0285,30.02094645,5.270532036,32.07915254,0.125,56.18692739
48,cluster_labels_analysis,,ASWYRTEF,FETRYWSA,5.4899096824101434e-08,2,7,,0,42.27559588,-0.8875,7.031579761,148.1565,94.52465152,6.046100044,54.81582157,0.375,96.57534183
49,cluster_labels_analysis,,TWHTTWAI,IAWTTHWT,4.851171553355016e-08,3,6,,1,70.8701269,-0.1,25.59152425,142.655125,86.124223,6.401514244,58.1944776,0.25,84.92728311
50,cluster_labels_analysis,,GWVTVIRR,RRIVTVWG,4.518469509662282e-08,2,6,,2,89.69621833,0.2375,38.34982383,139.0365,77.15354942,11.99996777,98.51162014,0.125,56.18692739
51,cluster_labels_analysis,,TWSSAIFD,DFIASSWT,4.201943326620494e-08,2,6,,-1,16.91668842,0.3,40.96273152,131.512375,50.3007707,4.297164345,20.47141841,0.25,84.92728311
52,cluster_labels_analysis,,FIYSVVVK,KVVVSYIF,4.0981035454024095e-08,2,7,,1,70.8701269,1.7375,91.40916404,135.0355,63.96715303,8.590879631,71.77355591,0.25,84.92728311
53,cluster_labels_analysis,,LSWHETDF,FDTEHWSL,3.947833349116081e-08,3,6,,-1,16.91668842,-0.75,9.051369291,145.024875,90.44814509,4.35309391,21.1797397,0.25,84.92728311
54,cluster_labels_analysis,,ITFESTLR,RLTSEFTI,3.751553379061079e-08,2,7,,0,42.27559588,0.1125,33.44551155,136.526125,69.11087656,6.002106667,54.04749041,0.125,56.18692739
55,cluster_labels_analysis,,LTLNTGIN,NIGTNLTL,3.57254918981198e-08,2,8,,0,42.27559588,0.4125,45.78271818,121.38375,16.28257089,5.525000191,40.87984855,0,18.30559476
56,cluster_labels_analysis,,YTLSDIYE,EYIDSLTY,3.531997805339415e-08,2,7,,-2,4.307703835,-0.35,18.08998736,141.1475,82.62622201,4.085154915,18.89782871,0.25,84.92728311
57,cluster_labels_analysis,,EMTSTILW,WLITSTME,3.457434161191486e-08,3,6,,-1,16.91668842,0.45,47.37019927,138.28125,74.86330825,4.050028419,9.357608131,0.125,56.18692739
58,cluster_labels_analysis,,VVWSEVRR,RRVESWVV,3.440721485503673e-08,2,8,,1,70.8701269,-0.2,22.36299762,144.53775,89.75099276,9.568929482,83.07165398,0.125,56.18692739
59,cluster_labels_analysis,,VSYTDIKY,YKIDTYSV,3.427985362236541e-08,2,7,,0,42.27559588,-0.35,18.08998736,139.276375,77.64786885,5.804648018,45.30073115,0.25,84.92728311
60,cluster_labels_analysis,,LMTEAVLF,FLVAETML,3.282855232100701e-08,2,8,,-1,16.91668842,1.7625,91.73113249,131.155375,49.34512682,4.050028419,9.357608131,0.125,56.18692739
61,cluster_labels_analysis,,GWHATIAV,VAITAHWG,2.885477812242243e-08,3,5,,1,70.8701269,0.8875,66.12243597,122.51025,19.09058629,6.741127205,61.66278778,0.125,56.18692739
62,cluster_labels_analysis,,VVFSMWVR,RVWMSFVV,2.5909459466788576e-08,2,8,,1,70.8701269,1.3875,83.28046694,143.671,88.28895302,9.720043373,85.09346788,0.25,84.92728311
63,cluster_labels_analysis,,VWGDATLV,VLTADGWV,2.3714800789775836e-08,2,7,,-1,16.91668842,1.0625,72.75086292,123.2605,21.22264711,4.050028419,9.357608131,0.125,56.18692739
64,cluster_labels_analysis,,RVDYQETT,TTEQYDVR,2.3242479940677185e-08,2,6,,-1,16.91668842,-1.6875,1.221139299,142.145375,84.97461156,4.370259285,22.09277866,0.125,56.18692739
65,cluster_labels_analysis,,VSWYSDPY,YPDSYWSV,2.2854386827475537e-08,3,6,,-1,16.91668842,-0.75,9.144909306,142.7725,86.32896394,4.050028419,9.357608131,0.375,96.57534183
66,cluster_labels_analysis,,INWSCIRL,LRICSWNI,2.2572020696998152e-08,3,6,,1,70.8701269,0.7,58.17423387,141.29025,83.13243172,8.249712944,67.20584807,0.125,56.18692739
67,cluster_labels_analysis,,IEYADLVS,SVLDAYEI,2.162749801470909e-08,2,8,,-2,4.307703835,0.65,56.15435126,129.388875,42.22859318,4.050028419,9.357608131,0.125,56.18692739
68,cluster_labels_analysis,,LMHEAILR,RLIAEHML,2.1520257575957658e-08,2,7,,1,70.8701269,0.575,52.63526887,138.539625,75.67745541,6.749653053,63.27572478,0,18.30559476
69,cluster_labels_analysis,,PLGASIVL,LVISAGLP,2.1425181628842438e-08,2,7,,0,42.27559588,1.9125,94.01474209,111.882375,2.743747362,5.954987144,50.02305924,0,18.30559476
70,cluster_labels_analysis,,VEWYTTTM,MTTTYWEV,2.015158884205448e-08,3,5,,-1,16.91668842,-0.2125,22.15758188,144.53325,89.7004765,4.050028419,9.357608131,0.25,84.92728311
71,cluster_labels_analysis,,WTLVTRKQ,QKRTVLTW,1.9026074937755766e-08,3,5,,2,89.69621833,-0.775,8.646541137,144.666125,89.96787994,11.00083675,95.27862592,0.125,56.18692739
72,cluster_labels_analysis,,LSYTKPVL,LVPKTYSL,1.7736001112211852e-08,2,8,,1,70.8701269,0.4375,47.09632714,130.777875,47.73291115,8.590879631,71.77355591,0.125,56.18692739
73,cluster_labels_analysis,,DYNPGNVI,IVNGPNYD,1.5573446532357593e-08,3,6,,-1,16.91668842,-0.6375,11.23115413,127.131875,33.6721483,4.050028419,9.357608131,0.125,56.18692739
74,cluster_labels_analysis,,IGWCKVAP,PAVKCWGI,1.4909577572552735e-08,3,7,,1,70.8701269,0.775,61.35829409,124.898375,26.27813588,8.222249413,66.55151007,0.125,56.18692739
75,cluster_labels_analysis,,WETETILD,DLITETEW,1.4490753486029462e-08,3,6,,-3,0.677141287,-0.5625,12.64090919,141.523,83.52599784,4.050028419,9.357608131,0.125,56.18692739
76,cluster_labels_analysis,,LFGNSVHK,KHVSNGFL,1.3994983838472308e-08,2,7,,2,89.69621833,-0.125,25.07533229,128.392375,38.32837013,8.757208061,79.32265395,0.125,56.18692739
77,cluster_labels_analysis,,HGVCTTHL,LHTTCVGH,1.3740292459374359e-08,3,7,,2,89.69621833,0.2875,40.54231336,124.137,23.84174426,6.907779121,64.19881581,0,18.30559476
78,cluster_labels_analysis,,YTFESVVA,AVVSEFTY,1.3304775059452822e-08,2,7,,-1,16.91668842,0.8375,64.11153507,130.139625,44.9274553,4.050028419,9.357608131,0.25,84.92728311
79,cluster_labels_analysis,,VMLSAESW,WSEASLMV,1.1286525491982502e-08,3,5,,-1,16.91668842,0.7125,58.63972342,131.02125,48.66547252,4.050028419,9.357608131,0.125,56.18692739
80,cluster_labels_analysis,,GWNARVIK,KIVRANWG,1.0300738040314172e-08,3,6,,2,89.69621833,-0.3375,18.47587482,133.652875,58.80683894,11.00083675,95.27862592,0.125,56.18692739
81,cluster_labels_analysis,,LTIRVIAD,DAIVRITL,1.0102014336155207e-08,1,6,,0,42.27559588,1.2625,79.35830154,128.27425,37.96600728,6.087706184,55.60497819,0,18.30559476
82,cluster_labels_analysis,,VYGLVLKL,LKLVLGYV,9.840380066350463e-09,2,5,,1,70.8701269,1.775,92.14692018,128.7835,40.14337218,8.561482048,70.44570654,0.125,56.18692739
83,cluster_labels_analysis,,VLWTYTGW,WGTYTWLV,8.669386986071004e-09,3,6,,0,42.27559588,0.3875,45.07935311,143.909625,88.58041626,5.494363976,33.59850299,0.375,96.57534183
84,cluster_labels_analysis,,ISYTFQEV,VEQFTYSI,8.185007338568084e-09,3,5,,-1,16.91668842,0.2125,37.59747824,139.0245,76.8895432,4.050028419,9.357608131,0.25,84.92728311
85,cluster_labels_analysis,,SWYTIEYD,DYEITYWS,8.100354165208046e-09,2,7,,-2,4.307703835,-0.9375,6.427339187,150.279125,96.38135101,4.050028419,9.357608131,0.375,96.57534183
86,cluster_labels_analysis,,ITWSKVTV,VTVKSWTI,7.961184600446813e-09,2,8,,1,70.8701269,0.7375,59.98697886,132.402625,53.95969775,8.750052071,77.61175589,0.125,56.18692739
87,cluster_labels_analysis,,LTASPGGW,WGGPSATL,7.685459380013526e-09,2,6,,0,42.27559588,0.1,33.06774484,114.247,4.638002469,5.525000191,40.87984855,0.125,56.18692739
88,cluster_labels_analysis,,QWTSYQET,TEQYSTWQ,7.293447179534951e-09,3,7,,-1,16.91668842,-1.8625,0.77661481,146.021875,91.96733266,4.050028419,9.357608131,0.25,84.92728311
89,cluster_labels_analysis,,VFQQIIVV,VVIIQQFV,6.1773772763729085e-09,2,8,,0,42.27559588,2.175,96.91138782,133.90975,59.89464881,5.494989204,34.2269197,0.125,56.18692739
90,cluster_labels_analysis,,LVYSRKVN,NVKRSYVL,5.707206707228352e-09,3,5,,2,89.69621833,-0.225,21.77406782,138.03325,74.13041526,9.994291878,90.24489334,0.125,56.18692739
91,cluster_labels_analysis,,VACSRTEY,YETRSCAV,5.6668905124013236e-09,2,7,,0,42.27559588,-0.2875,19.8998703,131.76675,51.24715366,5.965331841,50.35587089,0.125,56.18692739
92,cluster_labels_analysis,,GWAIDCQQ,QQCDIAWG,5.5470636972643206e-09,2,8,,-1,16.91668842,-0.375,17.34881072,130.76425,47.42346123,4.050028419,9.357608131,0.125,56.18692739
93,cluster_labels_analysis,,QWTSRPTR,RTPRSTWQ,5.430787375360069e-09,3,7,,2,89.69621833,-2.15,0.357941803,144.655625,89.8868352,11.99996777,98.51162014,0.125,56.18692739
94,cluster_labels_analysis,,LYQTYEVT,TVEYTQYL,5.389845902925572e-09,2,8,,-1,16.91668842,-0.375,17.34881072,142.77775,86.33987695,4.050028419,9.357608131,0.25,84.92728311
95,cluster_labels_analysis,,TWAEFNLK,KLNFEAWT,5.079062947999091e-09,3,6,,0,42.27559588,-0.5125,13.97224886,141.781,84.23034019,5.663630486,44.47657846,0.25,84.92728311
96,cluster_labels_analysis,,VRWSACEF,FECASWRV,4.926105301450434e-09,3,5,,0,42.27559588,0.2,36.91056411,140.405375,80.78390255,5.965957069,50.37865091,0.25,84.92728311
97,cluster_labels_analysis,,ALGEIILR,RLIIEGLA,4.868464742457945e-09,2,6,,0,42.27559588,1.25,79.14032073,126.274375,30.67837918,6.047009468,54.96292604,0,18.30559476
98,cluster_labels_analysis,,LVSKRGDW,WDGRKSVL,4.452215041084173e-09,3,6,,1,70.8701269,-0.75,9.051369291,135.775875,66.52914888,8.747731209,76.00077345,0.125,56.18692739
99,cluster_labels_analysis,,LDVRYDVY,YVDYRVDL,4.4183101621797505e-09,2,6,,-1,16.91668842,-0.2375,21.44421129,146.033,91.99427777,4.207813454,19.58290461,0.25,84.92728311
100,cluster_labels_analysis,,VDVSETLN,NLTESVDV,4.333815528667628e-09,2,6,,-2,4.307703835,0.025,30.31892491,125.25475,27.2427382,4.050028419,9.357608131,0,18.30559476